{
  "affected": {
    "defaultBase": "master"
  },
  "nxCloudAccessToken": "OWE4MTMzMTEtNDZlZi00MWMwLWJkYmEtN2EwYTQ1ZWNjMzRkfHJlYWQ=",
  "targetDefaults": {
    "build": {
      "dependsOn": ["^build"],
      "inputs": ["production", "^production"],
      "cache": true
    },
    "test:circular": {
      "dependsOn": ["build"]
    },
    "test": {
      "cache": true
    },
    "lint": {
      "inputs": ["default", "{workspaceRoot}/.eslintrc.json", "{workspaceRoot}/tools/eslint-rules/**/*"],
      "cache": true
    }
  },
  "namedInputs": {
    "default": ["{projectRoot}/**/*", "sharedGlobals"],
    "production": ["default", "!{projectRoot}/**/?(*.)+(spec|test).[jt]s?(x)?(.snap)", "!{projectRoot}/.eslintrc.json"],
    "sharedGlobals": [
      "{workspaceRoot}/github/workflows/*.yml",
      {
        "runtime": "node -e 'console.log(`${process.platform}-${process.arch}`)'"
      },
      {
        "runtime": "node --version"
      },
      {
        "runtime": "npm --version"
      },
      {
        "runtime": "yarn --version"
      }
    ]
  },
  "release": {
    "projects": ["packages/*"],
    "releaseTagPattern": "{version}",
    "changelog": {
      "workspaceChangelog": {
        "createRelease": "github",
        "file": false
      },
      "projectChangelogs": true
    },
    "version": {
      "generatorOptions": {
        "currentVersionResolver": "git-tag",
        "specifierSource": "conventional-commits"
      }
    }
  }
}
